File,Source,License,Modifications
flag-abkhazia.svg,https://commons.wikimedia.org/wiki/File:Flag_of_the_Republic_of_Abkhazia.svg,PD,
flag-afghanistan.svg,https://commons.wikimedia.org/wiki/File:Flag_of_the_Taliban.svg,PD,
flag-aland_islands.svg,https://commons.wikimedia.org/wiki/File:Flag_of_Aland_Islands.svg,PD,
flag-albania.svg,https://commons.wikimedia.org/wiki/File:Flag_of_Albania.svg,PD,
flag-algeria.svg,https://commons.wikimedia.org/wiki/File:Flag_of_Algeria.svg,PD,
flag-andorra.svg,https://commons.wikimedia.org/wiki/File:Flag_of_Andorra.svg,PD,
flag-angola.svg,https://commons.wikimedia.org/wiki/File:Flag_of_Angola.svg,PD,
flag-antigua_and_barbuda.svg,https://commons.wikimedia.org/wiki/File:Flag_of_Antigua_and_Barbuda.svg,PD,
flag-argentina.svg,https://commons.wikimedia.org/wiki/File:Flag_of_Argentina.svg,PD,
flag-armenia.svg,https://commons.wikimedia.org/wiki/File:Flag_of_Armenia.svg,PD,
flag-aruba.svg,https://commons.wikimedia.org/wiki/File:Flag_of_Aruba.svg,PD,
flag-australia.svg,https://commons.wikimedia.org/wiki/File:Flag_of_Australia.svg,PD,
flag-austria.svg,https://commons.wikimedia.org/wiki/File:Flag_of_Austria.svg,PD,
flag-azerbaijan.svg,https://commons.wikimedia.org/wiki/File:Flag_of_Azerbaijan.svg,PD,
flag-bahrain.svg,https://commons.wikimedia.org/wiki/File:Flag_of_Bahrain.svg,PD,
flag-bangladesh.svg,https://commons.wikimedia.org/wiki/File:Flag_of_Bangladesh.svg,PD,
flag-barbados.svg,https://commons.wikimedia.org/wiki/File:Flag_of_Barbados.svg,PD,
flag-belarus.svg,https://commons.wikimedia.org/wiki/File:Flag_of_Belarus.svg,PD,
flag-belgium.svg,https://commons.wikimedia.org/wiki/File:Flag_of_Belgium.svg,PD,
flag-belize.svg,https://commons.wikimedia.org/wiki/File:Flag_of_Belize.svg,PD,
flag-benin.svg,https://commons.wikimedia.org/wiki/File:Flag_of_Benin.svg,PD,
flag-bhutan.svg,https://commons.wikimedia.org/wiki/File:Flag_of_Bhutan.svg,PD,
flag-bolivia-blur.svg,https://commons.wikimedia.org/wiki/File:Bandera_de_Bolivia_(Estado).svg,PD,Inkscape Gaussian blur of 15
flag-bolivia.svg,https://commons.wikimedia.org/wiki/File:Bandera_de_Bolivia_(Estado).svg,PD,
flag-bosnia_and_herzegovina.svg,https://commons.wikimedia.org/wiki/File:Flag_of_Bosnia_and_Herzegovina.svg,PD,
flag-botswana.svg,https://commons.wikimedia.org/wiki/File:Flag_of_Botswana.svg,PD,
flag-brazil.svg,https://commons.wikimedia.org/wiki/File:Flag_of_Brazil.svg,PD,
flag-brunei.svg,https://commons.wikimedia.org/wiki/File:Flag_of_Brunei.svg,CC0 1.0,
flag-bulgaria.svg,https://commons.wikimedia.org/wiki/File:Flag_of_Bulgaria.svg,PD,
flag-burkina_faso.svg,https://commons.wikimedia.org/wiki/File:Flag_of_Burkina_Faso.svg,PD,
flag-burundi.svg,https://commons.wikimedia.org/wiki/File:Flag_of_Burundi.svg,PD,
flag-cambodia.svg,https://commons.wikimedia.org/wiki/File:Flag_of_Cambodia.svg,PD,
flag-cameroon.svg,https://commons.wikimedia.org/wiki/File:Flag_of_Cameroon.svg,PD,
flag-canada.svg,https://commons.wikimedia.org/wiki/File:Flag_of_Canada.svg,PD,
flag-cape_verde.svg,https://commons.wikimedia.org/wiki/File:Flag_of_Cape_Verde.svg,PD,
flag-central_african_republic.svg,https://commons.wikimedia.org/wiki/File:Flag_of_Central_African_Republic.svg,PD,
flag-chad.svg,https://commons.wikimedia.org/wiki/File:Flag_of_Chad.svg,PD,
flag-chile.svg,https://commons.wikimedia.org/wiki/File:Flag_of_Chile.svg,PD,
flag-china.svg,https://commons.wikimedia.org/wiki/File:Flag_of_the_People%27s_Republic_of_China.svg,PD,
flag-colombia.svg,https://commons.wikimedia.org/wiki/File:Flag_of_Colombia.svg,PD,
flag-comoros.svg,https://commons.wikimedia.org/wiki/File:Flag_of_the_Comoros.svg,PD,
flag-cook_islands.svg,https://commons.wikimedia.org/wiki/File:Flag_of_Cook_Islands.svg,PD,
flag-costa_rica-blur.svg,https://commons.wikimedia.org/wiki/File:Flag_of_Costa_Rica_(state).svg,PD,
flag-costa_rica.svg,https://commons.wikimedia.org/wiki/File:Flag_of_Costa_Rica_(state).svg,PD,
flag-croatia.svg,https://commons.wikimedia.org/wiki/File:Flag_of_Croatia.svg,PD,
flag-cuba.svg,https://commons.wikimedia.org/wiki/File:Flag_of_Cuba.svg,PD,
flag-curacao.svg,https://commons.wikimedia.org/wiki/File:Flag_of_Curacao.svg,PD,
flag-cyprus.svg,https://commons.wikimedia.org/wiki/File:Flag_of_Cyprus.svg,PD,
flag-czech_republic.svg,https://commons.wikimedia.org/wiki/File:Flag_of_the_Czech_Republic.svg,PD,
flag-democratic_republic_of_the_congo.svg,https://commons.wikimedia.org/wiki/File:Flag_of_the_Democratic_Republic_of_the_Congo.svg,PD,
flag-denmark.svg,https://commons.wikimedia.org/wiki/File:Flag_of_Denmark.svg,PD,
flag-djibouti.svg,https://commons.wikimedia.org/wiki/File:Flag_of_Djibouti.svg,CC0 1.0,
flag-dominica.svg,https://commons.wikimedia.org/wiki/File:Flag_of_Dominica.svg,CC0 1.0,
flag-dominican_republic.svg,https://commons.wikimedia.org/wiki/File:Flag_of_the_Dominican_Republic.svg,PD,
flag-ecuador.svg,https://commons.wikimedia.org/wiki/File:Flag_of_Ecuador.svg,PD,
flag-egypt.svg,https://commons.wikimedia.org/wiki/File:Flag_of_Egypt.svg,PD,
flag-el_salvador-blur.svg,https://commons.wikimedia.org/wiki/File:Flag_of_El_Salvador.svg,PD,Inkscape Gaussian blur of 15
flag-el_salvador.svg,https://commons.wikimedia.org/wiki/File:Flag_of_El_Salvador.svg,PD,
flag-england.svg,https://commons.wikimedia.org/wiki/File:Flag_of_England.svg,PD,
flag-equatorial_guinea.svg,https://commons.wikimedia.org/wiki/File:Flag_of_Equatorial_Guinea.svg,CC0 1.0,
flag-eritrea.svg,https://commons.wikimedia.org/wiki/File:Flag_of_Eritrea.svg,CC0 1.0,
flag-estonia.svg,https://commons.wikimedia.org/wiki/File:Flag_of_Estonia.svg,PD,
flag-eswatini.svg,https://commons.wikimedia.org/wiki/File:Flag_of_Eswatini.svg,CC0 1.0,
flag-ethiopia.svg,https://commons.wikimedia.org/wiki/File:Flag_of_Ethiopia.svg,PD,
flag-european_union.svg,https://commons.wikimedia.org/wiki/File:Flag_of_Europe.svg,PD,
flag-faroe_islands.svg,https://commons.wikimedia.org/wiki/File:Flag_of_the_Faroe_Islands.svg,PD,
flag-federated_states_of_micronesia.svg,https://commons.wikimedia.org/wiki/File:Flag_of_the_Federated_States_of_Micronesia.svg,PD,
flag-fiji.svg,https://commons.wikimedia.org/wiki/File:Flag_of_Fiji.svg,PD,
flag-finland.svg,https://commons.wikimedia.org/wiki/File:Flag_of_Finland.svg,PD,
flag-france.svg,https://commons.wikimedia.org/wiki/File:Flag_of_France.svg,PD,
flag-french_polynesia.svg,https://commons.wikimedia.org/wiki/File:Flag_of_French_Polynesia.svg,CC0 1.0,
flag-gabon.svg,https://commons.wikimedia.org/wiki/File:Flag_of_Gabon.svg,PD,
flag-georgia.svg,https://commons.wikimedia.org/wiki/File:Flag_of_Georgia.svg,PD,
flag-germany.svg,https://commons.wikimedia.org/wiki/File:Flag_of_Germany.svg,PD,
flag-ghana.svg,https://commons.wikimedia.org/wiki/File:Flag_of_Ghana.svg,PD,
flag-greece.svg,https://commons.wikimedia.org/wiki/File:Flag_of_Greece.svg,PD,
flag-greenland.svg,https://commons.wikimedia.org/wiki/File:Flag_of_Greenland.svg,PD,
flag-grenada.svg,https://commons.wikimedia.org/wiki/File:Flag_of_Grenada.svg,PD,
flag-guam-blur.svg,https://commons.wikimedia.org/wiki/File:Flag_of_Guam.svg,PD,Inkscape Gaussian blur of 5
flag-guam.svg,https://commons.wikimedia.org/wiki/File:Flag_of_Guam.svg,PD,
flag-guatemala.svg,https://commons.wikimedia.org/wiki/File:Flag_of_Guatemala.svg,PD,
flag-guinea-bissau.svg,https://commons.wikimedia.org/wiki/File:Flag_of_Guinea-Bissau.svg,PD,
flag-guinea.svg,https://commons.wikimedia.org/wiki/File:Flag_of_Guinea.svg,PD,
flag-guyana.svg,https://commons.wikimedia.org/wiki/File:Flag_of_Guyana.svg,PD,
flag-haiti.svg,https://commons.wikimedia.org/wiki/File:Flag_of_Haiti.svg,PD,
flag-honduras.svg,https://commons.wikimedia.org/wiki/File:Flag_of_Honduras.svg,PD,
flag-hong_kong.svg,https://commons.wikimedia.org/wiki/File:Flag_of_Hong_Kong.svg,PD,
flag-hungary.svg,https://commons.wikimedia.org/wiki/File:Flag_of_Hungary.svg,PD,
flag-iceland.svg,https://commons.wikimedia.org/wiki/File:Flag_of_Iceland.svg,PD,
flag-india.svg,https://commons.wikimedia.org/wiki/File:Flag_of_India.svg,PD,
flag-indonesia.svg,https://commons.wikimedia.org/wiki/File:Flag_of_Indonesia.svg,PD,
flag-iran.svg,https://commons.wikimedia.org/wiki/File:Flag_of_Iran.svg,PD,
flag-iraq.svg,https://commons.wikimedia.org/wiki/File:Flag_of_Iraq.svg,PD,
flag-ireland.svg,https://commons.wikimedia.org/wiki/File:Flag_of_Ireland.svg,PD,
flag-israel.svg,https://commons.wikimedia.org/wiki/File:Flag_of_Israel.svg,PD,
flag-italy.svg,https://commons.wikimedia.org/wiki/File:Flag_of_Italy.svg,PD,
flag-ivory_coast.svg,https://commons.wikimedia.org/wiki/File:Flag_of_C%C3%B4te_d%27Ivoire.svg,PD,
flag-jamaica.svg,https://commons.wikimedia.org/wiki/File:Flag_of_Jamaica.svg,PD,
flag-japan.svg,https://commons.wikimedia.org/wiki/File:Flag_of_Japan.svg,PD,
flag-jordan.svg,https://commons.wikimedia.org/wiki/File:Flag_of_Jordan.svg,PD,
flag-kazakhstan.svg,https://commons.wikimedia.org/wiki/File:Flag_of_Kazakhstan.svg,PD,
flag-kenya.svg,https://commons.wikimedia.org/wiki/File:Flag_of_Kenya.svg,PD,
flag-kiribati.svg,https://commons.wikimedia.org/wiki/File:Flag_of_Kiribati.svg,PD,
flag-kosovo.svg,https://commons.wikimedia.org/wiki/File:Flag_of_Kosovo.svg,PD,
flag-kuwait.svg,https://commons.wikimedia.org/wiki/File:Flag_of_Kuwait.svg,PD,
flag-kyrgyzstan.svg,https://commons.wikimedia.org/wiki/File:Flag_of_Kyrgyzstan.svg,PD,
flag-laos.svg,https://commons.wikimedia.org/wiki/File:Flag_of_Laos.svg,PD,
flag-latvia.svg,https://commons.wikimedia.org/wiki/File:Flag_of_Latvia.svg,PD,
flag-lebanon.svg,https://commons.wikimedia.org/wiki/File:Flag_of_Lebanon.svg,PD,
flag-lesotho.svg,https://commons.wikimedia.org/wiki/File:Flag_of_Lesotho.svg,PD,
flag-liberia.svg,https://commons.wikimedia.org/wiki/File:Flag_of_Liberia.svg,PD,
flag-libya.svg,https://commons.wikimedia.org/wiki/File:Flag_of_Libya.svg,PD,
flag-liechtenstein.svg,https://commons.wikimedia.org/wiki/File:Flag_of_Liechtenstein.svg,PD,
flag-lithuania.svg,https://commons.wikimedia.org/wiki/File:Flag_of_Lithuania.svg,PD,
flag-luxembourg.svg,https://commons.wikimedia.org/wiki/File:Flag_of_Luxembourg.svg,PD,
flag-macau.svg,https://commons.wikimedia.org/wiki/File:Flag_of_Macau.svg,PD,
flag-madagascar.svg,https://commons.wikimedia.org/wiki/File:Flag_of_Madagascar.svg,PD,
flag-malawi.svg,https://commons.wikimedia.org/wiki/File:Flag_of_Malawi.svg,PD,
flag-malaysia.svg,https://commons.wikimedia.org/wiki/File:Flag_of_Malaysia.svg,PD,
flag-maldives.svg,https://commons.wikimedia.org/wiki/File:Flag_of_Maldives.svg,PD,
flag-mali.svg,https://commons.wikimedia.org/wiki/File:Flag_of_Mali.svg,PD,
flag-malta.svg,https://commons.wikimedia.org/wiki/File:Flag_of_Malta.svg,PD,
flag-marshall_islands.svg,https://commons.wikimedia.org/wiki/File:Flag_of_the_Marshall_Islands.svg,PD,
flag-mauritania.svg,https://commons.wikimedia.org/wiki/File:Flag_of_Mauritania.svg,PD,
flag-mauritius.svg,https://commons.wikimedia.org/wiki/File:Flag_of_Mauritius.svg,PD,
flag-mexico.svg,https://commons.wikimedia.org/wiki/File:Flag_of_Mexico.svg,PD,
flag-moldova.svg,https://commons.wikimedia.org/wiki/File:Flag_of_Moldova.svg,PD,
flag-monaco.svg,https://commons.wikimedia.org/wiki/File:Flag_of_Monaco.svg,PD,
flag-mongolia.svg,https://commons.wikimedia.org/wiki/File:Flag_of_Mongolia.svg,PD,
flag-montenegro.svg,https://commons.wikimedia.org/wiki/File:Flag_of_Montenegro.svg,PD,
flag-morocco.svg,https://commons.wikimedia.org/wiki/File:Flag_of_Morocco.svg,PD,
flag-mozambique.svg,https://commons.wikimedia.org/wiki/File:Flag_of_Mozambique.svg,PD,
flag-myanmar.svg,https://commons.wikimedia.org/wiki/File:Flag_of_Myanmar.svg,PD,
flag-namibia.svg,https://commons.wikimedia.org/wiki/File:Flag_of_Namibia.svg,PD,
flag-nauru.svg,https://commons.wikimedia.org/wiki/File:Flag_of_Nauru.svg,PD,
flag-nepal-nobox.svg,https://commons.wikimedia.org/wiki/File:Flag_of_Nepal.svg,PD,
flag-netherlands.svg,https://commons.wikimedia.org/wiki/File:Flag_of_the_Netherlands.svg,PD,
flag-new_caledonia.svg,https://commons.wikimedia.org/wiki/File:Flag_of_FLNKS.svg,PD,
flag-new_zealand.svg,https://commons.wikimedia.org/wiki/File:Flag_of_New_Zealand.svg,PD,
flag-nicaragua-blur.svg,https://commons.wikimedia.org/wiki/File:Flag_of_Nicaragua.svg,PD,Inkscape Gaussian blur of 3.5
flag-nicaragua.svg,https://commons.wikimedia.org/wiki/File:Flag_of_Nicaragua.svg,PD,
flag-niger.svg,https://commons.wikimedia.org/wiki/File:Flag_of_Niger.svg,PD,
flag-nigeria.svg,https://commons.wikimedia.org/wiki/File:Flag_of_Nigeria.svg,PD,
flag-niue.svg,https://commons.wikimedia.org/wiki/File:Flag_of_Niue.svg,PD,
flag-north_korea.svg,https://commons.wikimedia.org/wiki/File:Flag_of_North_Korea.svg,PD,
flag-north_macedonia.svg,https://commons.wikimedia.org/wiki/File:Flag_of_North_Macedonia.svg,PD,
flag-northern_cyprus.svg,https://commons.wikimedia.org/wiki/File:Flag_of_the_Turkish_Republic_of_Northern_Cyprus.svg,CC BY-SA 2.5,
flag-norway.svg,https://commons.wikimedia.org/wiki/File:Flag_of_Norway.svg,PD,
flag-oman.svg,https://commons.wikimedia.org/wiki/File:Flag_of_Oman.svg,PD,
flag-pakistan.svg,https://commons.wikimedia.org/wiki/File:Flag_of_Pakistan.svg,PD,
flag-palau.svg,https://commons.wikimedia.org/wiki/File:Flag_of_Palau.svg,PD,
flag-palestine.svg,https://commons.wikimedia.org/wiki/File:Flag_of_Palestine.svg,PD,
flag-panama.svg,https://commons.wikimedia.org/wiki/File:Flag_of_Panama.svg,PD,
flag-papua_new_guinea.svg,https://commons.wikimedia.org/wiki/File:Flag_of_Papua_New_Guinea.svg,PD,
flag-paraguay-blur.svg,https://commons.wikimedia.org/wiki/File:Flag_of_Paraguay.svg,PD,Inkscape Gaussian blur of 1.5
flag-paraguay.svg,https://commons.wikimedia.org/wiki/File:Flag_of_Paraguay.svg,PD,
flag-peru.svg,https://commons.wikimedia.org/wiki/File:Flag_of_Peru.svg,PD,
flag-philippines.svg,https://commons.wikimedia.org/wiki/File:Flag_of_the_Philippines.svg,PD,
flag-poland.svg,https://commons.wikimedia.org/wiki/File:Flag_of_Poland.svg,PD,
flag-portugal.svg,https://commons.wikimedia.org/wiki/File:Flag_of_Portugal.svg,PD,
flag-puerto_rico.svg,https://commons.wikimedia.org/wiki/File:Flag_of_Puerto_Rico.svg,PD,
flag-qatar.svg,https://commons.wikimedia.org/wiki/File:Flag_of_Qatar.svg,PD,
flag-republic_of_the_congo.svg,https://commons.wikimedia.org/wiki/File:Flag_of_Republic_of_the_Congo.svg,PD,
flag-romania.svg,https://commons.wikimedia.org/wiki/File:Flag_of_Romania.svg,PD,
flag-russia.svg,https://commons.wikimedia.org/wiki/File:Flag_of_Russia.svg,PD,
flag-rwanda.svg,https://commons.wikimedia.org/wiki/File:Flag_of_Rwanda.svg,PD,
flag-sahrawi_arab_democratic_republic.svg,https://commons.wikimedia.org/wiki/File:Flag_of_the_Sahrawi_Arab_Democratic_Republic.svg,PD,
flag-saint_kitts_and_nevis.svg,https://commons.wikimedia.org/wiki/File:Flag_of_Saint_Kitts_and_Nevis.svg,PD,
flag-saint_lucia.svg,https://commons.wikimedia.org/wiki/File:Flag_of_Saint_Lucia.svg,PD,
flag-saint_vincent_and_the_grenadines.svg,https://commons.wikimedia.org/wiki/File:Flag_of_Saint_Vincent_and_the_Grenadines.svg,PD,
flag-samoa.svg,https://commons.wikimedia.org/wiki/File:Flag_of_Samoa.svg,PD,
flag-san_marino.svg,https://commons.wikimedia.org/wiki/File:Flag_of_San_Marino.svg,PD,
flag-sao_tome_and_principe.svg,https://commons.wikimedia.org/wiki/File:Flag_of_Sao_Tome_and_Principe.svg,PD,
flag-saudi_arabia.svg,https://commons.wikimedia.org/wiki/File:Flag_of_Saudi_Arabia.svg,PD,
flag-scotland.svg,https://commons.wikimedia.org/wiki/File:Flag_of_Scotland.svg,PD,
flag-senegal.svg,https://commons.wikimedia.org/wiki/File:Flag_of_Senegal.svg,PD,
flag-serbia.svg,https://commons.wikimedia.org/wiki/File:Flag_of_Serbia.svg,PD,
flag-seychelles.svg,https://commons.wikimedia.org/wiki/File:Flag_of_Seychelles.svg,PD,
flag-sierra_leone.svg,https://commons.wikimedia.org/wiki/File:Flag_of_Sierra_Leone.svg,PD,
flag-singapore.svg,https://commons.wikimedia.org/wiki/File:Flag_of_Singapore.svg,PD,
flag-slovakia.svg,https://commons.wikimedia.org/wiki/File:Flag_of_Slovakia.svg,PD,
flag-slovenia.svg,https://commons.wikimedia.org/wiki/File:Flag_of_Slovenia.svg,PD,
flag-solomon_islands.svg,https://commons.wikimedia.org/wiki/File:Flag_of_the_Solomon_Islands.svg,PD,
flag-somalia.svg,https://commons.wikimedia.org/wiki/File:Flag_of_Somalia.svg,PD,
flag-somaliland.svg,https://commons.wikimedia.org/wiki/File:Flag_of_Somaliland.svg,PD,
flag-south_africa.svg,https://commons.wikimedia.org/wiki/File:Flag_of_South_Africa.svg,PD,
flag-south_korea.svg,https://commons.wikimedia.org/wiki/File:Flag_of_South_Korea.svg,PD,
flag-south_ossetia.svg,https://commons.wikimedia.org/wiki/File:Flag_of_South_Ossetia.svg,PD,
flag-south_sudan.svg,https://commons.wikimedia.org/wiki/File:Flag_of_South_Sudan.svg,PD,
flag-spain.svg,https://commons.wikimedia.org/wiki/File:Flag_of_Spain.svg,PD,
flag-sri_lanka.svg,https://commons.wikimedia.org/wiki/File:Flag_of_Sri_Lanka.svg,PD,
flag-sudan.svg,https://commons.wikimedia.org/wiki/File:Flag_of_Sudan.svg,PD,
flag-suriname.svg,https://commons.wikimedia.org/wiki/File:Flag_of_Suriname.svg,PD,
flag-sweden.svg,https://commons.wikimedia.org/wiki/File:Flag_of_Sweden.svg,PD,
flag-switzerland.svg,https://commons.wikimedia.org/wiki/File:Flag_of_Switzerland_(Pantone).svg,PD,
flag-syria.svg,https://commons.wikimedia.org/wiki/File:Flag_of_the_Syrian_revolution.svg,PD,
flag-taiwan.svg,https://commons.wikimedia.org/wiki/File:Flag_of_the_Republic_of_China.svg,PD,
flag-tajikistan.svg,https://commons.wikimedia.org/wiki/File:Flag_of_Tajikistan.svg,PD,
flag-tanzania.svg,https://commons.wikimedia.org/wiki/File:Flag_of_Tanzania.svg,PD,
flag-thailand.svg,https://commons.wikimedia.org/wiki/File:Flag_of_Thailand.svg,PD,
flag-the_bahamas.svg,https://commons.wikimedia.org/wiki/File:Flag_of_the_Bahamas.svg,PD,
flag-the_gambia.svg,https://commons.wikimedia.org/wiki/File:Flag_of_The_Gambia.svg,PD,
flag-timor-leste.svg,https://commons.wikimedia.org/wiki/File:Flag_of_East_Timor.svg,PD,
flag-togo.svg,https://commons.wikimedia.org/wiki/File:Flag_of_Togo.svg,PD,
flag-tonga.svg,https://commons.wikimedia.org/wiki/File:Flag_of_Tonga.svg,CC0 1.0,
flag-transnistria.svg,https://commons.wikimedia.org/wiki/File:Flag_of_Transnistria.svg,PD,
flag-trinidad_and_tobago.svg,https://commons.wikimedia.org/wiki/File:Flag_of_Trinidad_and_Tobago.svg,PD,
flag-tunisia.svg,https://commons.wikimedia.org/wiki/File:Flag_of_Tunisia.svg,PD,
flag-turkey.svg,https://commons.wikimedia.org/wiki/File:Flag_of_Turkey.svg,PD,
flag-turkmenistan.svg,https://commons.wikimedia.org/wiki/File:Flag_of_Turkmenistan.svg,PD,
flag-tuvalu.svg,https://commons.wikimedia.org/wiki/File:Flag_of_Tuvalu.svg,CC0 1.0,
flag-uganda.svg,https://commons.wikimedia.org/wiki/File:Flag_of_Uganda.svg,PD,
flag-ukraine.svg,https://commons.wikimedia.org/wiki/File:Flag_of_Ukraine.svg,PD,
flag-united_arab_emirates.svg,https://commons.wikimedia.org/wiki/File:Flag_of_the_United_Arab_Emirates.svg,PD,
flag-united_kingdom.svg,https://commons.wikimedia.org/wiki/File:Flag_of_United_Kingdom.svg,PD,
flag-united_states_of_america.svg,https://commons.wikimedia.org/wiki/File:Flag_of_the_U.S..svg,PD,
flag-united_states_virgin_islands.svg,https://commons.wikimedia.org/wiki/File:Flag_of_the_United_States_Virgin_Islands.svg,PD,
flag-uruguay.svg,https://commons.wikimedia.org/wiki/File:Flag_of_Uruguay.svg,PD,
flag-uzbekistan.svg,https://commons.wikimedia.org/wiki/File:Flag_of_Uzbekistan.svg,PD,
flag-vanuatu.svg,https://commons.wikimedia.org/wiki/File:Flag_of_Vanuatu.svg,PD,
flag-vatican_city.svg,https://commons.wikimedia.org/wiki/File:Flag_of_the_Vatican_City.svg,CC0 1.0,
flag-venezuela.svg,https://commons.wikimedia.org/wiki/File:Flag_of_Venezuela.svg,PD,
flag-vietnam.svg,https://commons.wikimedia.org/wiki/File:Flag_of_Vietnam.svg,PD,
flag-wales.svg,https://commons.wikimedia.org/wiki/File:Flag_of_Wales.svg,CC0 1.0,
flag-yemen.svg,https://commons.wikimedia.org/wiki/File:Flag_of_Yemen.svg,PD,
flag-zambia.svg,https://commons.wikimedia.org/wiki/File:Flag_of_Zambia.svg,PD,
flag-zimbabwe.svg,https://commons.wikimedia.org/wiki/File:Flag_of_Zimbabwe.svg,PD,
map-abkhazia.png,https://commons.wikimedia.org/wiki/File:Abkhazia_in_its_region.svg,CC BY-SA 3.0,
map-adriatic_sea.png,https://commons.wikimedia.org/wiki/File:Adriatic_Sea_in_its_region_(IHO_1953).svg,CC BY-SA 4.0,
map-aegean_sea.png,https://commons.wikimedia.org/wiki/File:Aegean_Sea_in_its_region.svg,CC BY-SA 4.0,
map-afghanistan.png,https://commons.wikimedia.org/wiki/File:Afghanistan_in_its_region.svg,CC BY-SA 3.0,
map-africa-nobox.png,https://commons.wikimedia.org/wiki/File:Africa_in_the_world_(red)_(W3).svg,CC BY-SA 3.0,grid removed
map-akrotiri_and_dhekelia.png,https://commons.wikimedia.org/wiki/File:Akrotiri_and_Dhekelia_in_United_Kingdom.svg,CC BY-SA 3.0,colours adjusted
map-aland_islands.png,https://commons.wikimedia.org/wiki/File:Aland_in_its_region.svg,CC BY-SA 3.0,
map-alaska.png,https://commons.wikimedia.org/wiki/File:Alaska_in_its_region.svg,CC BY-SA 3.0,
map-albania.png,https://commons.wikimedia.org/wiki/File:Albania_in_its_region.svg,CC BY-SA 3.0,
map-algeria.png,https://commons.wikimedia.org/wiki/File:Algeria_in_its_region.svg,CC BY-SA 3.0,
map-american_samoa.png,https://commons.wikimedia.org/wiki/File:American_Samoa_in_its_region.svg,CC BY-SA 3.0,
map-andorra.png,https://commons.wikimedia.org/wiki/File:Andorra_in_its_region.svg,CC BY-SA 3.0,
map-angola.png,https://commons.wikimedia.org/wiki/File:Angola_in_its_region.svg,CC BY-SA 3.0,
map-anguilla.png,https://commons.wikimedia.org/wiki/File:Anguilla_in_its_region_(zoom).svg,CC BY-SA 3.0,"colours adjusted for consistency, zoom box moved"
map-antarctica-nobox.png,https://commons.wikimedia.org/wiki/File:Antarctica_in_the_world_(red)_(W3).svg,CC BY-SA 3.0,grid removed
map-antigua_and_barbuda.png,https://commons.wikimedia.org/wiki/File:Antigua_and_Barbuda_in_its_region_(zoomed).svg,CC BY-SA 3.0,colours adjusted for consistency
map-arabian_sea.png,https://commons.wikimedia.org/wiki/File:Arabian_Sea_in_its_region.svg,CC BY-SA 4.0,
map-aral_sea.png,https://commons.wikimedia.org/wiki/File:Aral_Sea_in_its_region.svg,CC BY-SA 4.0,
map-arctic_ocean-nobox.png,https://commons.wikimedia.org/wiki/File:Arctic_Ocean_in_the_world_(blue)_(W3)_(CWF).svg,CC BY-SA 4.0,
map-argentina.png,https://commons.wikimedia.org/wiki/File:Argentina_in_its_region_(%2Ball_claims_wo_Antarctica_hatched).svg,CC BY-SA 3.0,
map-armenia.png,https://commons.wikimedia.org/wiki/File:Armenia_in_its_region.svg,CC BY-SA 3.0,
map-aruba.png,https://commons.wikimedia.org/wiki/File:Aruba_in_its_region_(zoom).svg,CC BY-SA 3.0,colours adjusted for consistency
map-asia-nobox.png,https://commons.wikimedia.org/wiki/File:Asia_in_the_world_(red)_(W3).svg,CC BY-SA 3.0,grid removed
map-atlantic_ocean-nobox.png,https://commons.wikimedia.org/wiki/File:Atlantic_Ocean_in_the_world_(blue)_(W3)_(CWF).svg,CC BY-SA 4.0,
map-australia.png,https://commons.wikimedia.org/wiki/File:Australia_in_its_region.svg,CC BY-SA 3.0,
map-austria.png,https://commons.wikimedia.org/wiki/File:Austria_in_its_region.svg,CC BY-SA 3.0,
map-azerbaijan.png,https://commons.wikimedia.org/wiki/File:Azerbaijan_in_its_region.svg,CC BY-SA 3.0,
map-azores.png,https://commons.wikimedia.org/wiki/File:Azores_in_its_region.svg,CC BY-SA 3.0,
map-bahrain.png,https://commons.wikimedia.org/wiki/File:Bahrain_in_its_region.svg,CC BY-SA 3.0,
map-bali.png,https://commons.wikimedia.org/wiki/File:Bali_in_its_region.svg,CC BY-SA 4.0,
map-balkan_peninsula.png,https://commons.wikimedia.org/wiki/File:Balkan_Peninsula_in_its_region.svg,CC BY-SA 3.0,
map-baltic_sea.png,https://commons.wikimedia.org/wiki/File:Baltic_Sea_in_its_region.svg,CC BY-SA 4.0,
map-banda_sea.png,https://commons.wikimedia.org/wiki/File:Banda_Sea_in_its_region.svg,CC BY-SA 4.0,
map-bangladesh.png,https://commons.wikimedia.org/wiki/File:Bangladesh_in_its_region.svg,CC BY-SA 3.0,
map-barbados.png,https://commons.wikimedia.org/wiki/File:Barbados_in_its_region.svg,CC BY-SA 3.0,zoom box added
map-barents_sea.png,https://commons.wikimedia.org/wiki/File:Barents_Sea_in_its_region.svg,CC BY-SA 4.0,
map-bay_of_bengal.png,https://commons.wikimedia.org/wiki/File:Bay_of_Bengal_in_its_region.svg,CC BY-SA 4.0,
map-bay_of_biscay.png,https://commons.wikimedia.org/wiki/File:Bay_of_Biscay_in_its_region.svg,CC BY-SA 4.0,
map-belarus.png,https://commons.wikimedia.org/wiki/File:Belarus_in_its_region.svg,CC BY-SA 3.0,
map-belgium.png,https://commons.wikimedia.org/wiki/File:Belgium_in_its_region.svg,CC BY-SA 3.0,
map-belize.png,https://commons.wikimedia.org/wiki/File:Belize_in_its_region.svg,CC BY-SA 3.0,
map-benin.png,https://commons.wikimedia.org/wiki/File:Benin_in_its_region.svg,CC BY-SA 3.0,
map-bering_strait.png,https://commons.wikimedia.org/wiki/File:Bering_Strait_in_its_region.svg,CC BY-SA 4.0,
map-bermuda.png,https://commons.wikimedia.org/wiki/File:Bermuda_in_its_region.svg,CC BY-SA 3.0,
map-bhutan.png,https://commons.wikimedia.org/wiki/File:Bhutan_in_its_region.svg,CC BY-SA 3.0,
map-black_sea.png,https://commons.wikimedia.org/wiki/File:Black_Sea_in_its_region.svg,CC BY-SA 4.0,
map-bolivia.png,https://commons.wikimedia.org/wiki/File:Bolivia_in_its_region.svg,CC BY-SA 3.0,
map-bosnia_and_herzegovina.png,https://commons.wikimedia.org/wiki/File:Bosnia_and_Herzegovina_in_its_region.svg,CC BY-SA 3.0,
map-botswana.png,https://commons.wikimedia.org/wiki/File:Botswana_in_its_region.svg,CC BY-SA 3.0,
map-bougainville.png,https://commons.wikimedia.org/wiki/File:Bougainville_in_its_region_(special_marker).svg,CC BY-SA 3.0,
map-brazil.png,https://commons.wikimedia.org/wiki/File:Brazil_in_its_region.svg,CC BY-SA 3.0,
map-british_virgin_islands.png,https://commons.wikimedia.org/wiki/File:British_Virgin_Islands_in_its_region_(zoom).svg,CC BY-SA 3.0,"colours adjusted for consistency, zoom box moved"
map-brunei.png,https://commons.wikimedia.org/wiki/File:Brunei_in_its_region_(special_marker).svg,CC BY-SA 3.0,
map-bulgaria.png,https://commons.wikimedia.org/wiki/File:Bulgaria_in_its_region.svg,CC BY-SA 3.0,
map-burkina_faso.png,https://commons.wikimedia.org/wiki/File:Burkina_Faso_in_its_region.svg,CC BY-SA 3.0,
map-burundi.png,https://commons.wikimedia.org/wiki/File:Burundi_in_its_region.svg,CC BY-SA 3.0,
map-cambodia.png,https://commons.wikimedia.org/wiki/File:Cambodia_in_its_region.svg,CC BY-SA 3.0,
map-cameroon.png,https://commons.wikimedia.org/wiki/File:Cameroon_in_its_region.svg,CC BY-SA 3.0,
map-canada.png,https://commons.wikimedia.org/wiki/File:Canada_in_its_region.svg,CC BY-SA 3.0,
map-canary_islands.png,https://commons.wikimedia.org/wiki/File:Canary_Islands_in_its_region_(special_marker).svg,CC BY-SA 3.0,
map-cape_verde.png,https://commons.wikimedia.org/wiki/File:Cape_Verde_in_its_region.svg,CC BY-SA 3.0,
map-caribbean_sea.png,https://commons.wikimedia.org/wiki/File:Caribbean_Sea_in_its_region.svg,CC BY-SA 4.0,
map-caspian_sea.png,https://commons.wikimedia.org/wiki/File:Caspian_Sea_in_its_region.svg,CC BY-SA 4.0,
map-cayman_islands.png,https://commons.wikimedia.org/wiki/File:Cayman_Islands_in_its_region.svg,CC BY-SA 3.0,
map-celebes_sea.png,https://commons.wikimedia.org/wiki/File:Celebes_Sea_in_its_region.svg,CC BY-SA 4.0,
map-celtic_sea.png,https://commons.wikimedia.org/wiki/File:Celtic_Sea_in_its_region.svg,CC BY-SA 4.0,
map-central_african_republic.png,https://commons.wikimedia.org/wiki/File:Central_African_Republic_in_its_region.svg,CC BY-SA 3.0,
map-chad.png,https://commons.wikimedia.org/wiki/File:Chad_in_its_region.svg,CC BY-SA 3.0,
map-chile.png,https://commons.wikimedia.org/wiki/File:Chile_in_its_region.svg,CC BY-SA 3.0,
map-china.png,https://commons.wikimedia.org/wiki/File:China_in_its_region_(claimed_and_disputed_hatched).svg,CC BY-SA 3.0,
map-colombia.png,https://commons.wikimedia.org/wiki/File:Colombia_in_its_region.svg,CC BY-SA 3.0,
map-comoros.png,https://commons.wikimedia.org/wiki/File:Comoros_in_its_region_(zoom).svg,CC BY-SA 3.0,
map-cook_islands.png,https://commons.wikimedia.org/wiki/File:Cook_Islands_in_its_region.svg,CC BY-SA 3.0,
map-coral_sea.png,https://commons.wikimedia.org/wiki/File:Coral_Sea_in_its_region.svg,CC BY-SA 4.0,
map-corsica.png,https://commons.wikimedia.org/wiki/File:Corsica_in_its_region.svg,CC BY-SA 3.0,
map-costa_rica.png,https://commons.wikimedia.org/wiki/File:Costa_Rica_in_its_region.svg,CC BY-SA 3.0,
map-croatia.png,https://commons.wikimedia.org/wiki/File:Croatia_in_its_region.svg,CC BY-SA 3.0,
map-cuba.png,https://commons.wikimedia.org/wiki/File:Cuba_in_its_region.svg,CC BY-SA 3.0,
map-curacao.png,https://commons.wikimedia.org/wiki/File:Curacao_in_its_region_(zoom).svg,CC BY-SA 3.0,colours adjusted for consistency
map-cyprus.png,https://commons.wikimedia.org/wiki/File:Cyprus_in_its_region_(claimed_hatched).svg,CC BY-SA 3.0,
map-czech_republic.png,https://commons.wikimedia.org/wiki/File:Czech_Republic_in_its_region.svg,CC BY-SA 3.0,
map-dead_sea.png,https://commons.wikimedia.org/wiki/File:Dead_Sea_in_its_region_(-mini_map_-rivers)_(zoom_%2B_special_marker).svg,CC BY-SA 3.0,
map-democratic_republic_of_the_congo.png,https://commons.wikimedia.org/wiki/File:Democratic_Republic_of_the_Congo_in_its_region.svg,CC BY-SA 3.0,
map-denmark.png,https://commons.wikimedia.org/wiki/File:Denmark_in_its_region.svg,CC BY-SA 3.0,
map-denmark_strait.png,https://commons.wikimedia.org/wiki/File:Denmark_Strait_in_its_region.svg,CC BY-SA 4.0,
map-djibouti.png,https://commons.wikimedia.org/wiki/File:Djibouti_in_its_region.svg,CC BY-SA 3.0,
map-dominica.png,https://commons.wikimedia.org/wiki/File:Dominica_in_its_region.svg,CC BY-SA 3.0,zoom box added
map-dominican_republic.png,https://commons.wikimedia.org/wiki/File:Dominican_Republic_in_its_region.svg,CC BY-SA 3.0,
map-east_china_sea.png,https://commons.wikimedia.org/wiki/File:East_China_Sea_in_its_region.svg,CC BY-SA 4.0,
map-east_siberian_sea.png,https://commons.wikimedia.org/wiki/File:East_Siberian_Sea_in_its_region.svg,CC BY-SA 4.0,
map-ecuador.png,https://commons.wikimedia.org/wiki/File:Ecuador_in_its_region.svg,CC BY-SA 3.0,
map-egypt.png,https://commons.wikimedia.org/wiki/File:Egypt_in_its_region_(claimed_hatched).svg,CC BY-SA 3.0,
map-el_salvador.png,https://commons.wikimedia.org/wiki/File:El_Salvador_in_its_region.svg,CC BY-SA 3.0,
map-england.png,https://commons.wikimedia.org/wiki/File:England_in_Europe.svg,CC BY-SA 4.0,
map-english_channel.png,https://commons.wikimedia.org/wiki/File:English_Channel_in_its_region.svg,CC BY-SA 4.0,
map-equatorial_guinea.png,https://commons.wikimedia.org/wiki/File:Equatorial_Guinea_in_its_region.svg,CC BY-SA 3.0,
map-eritrea.png,https://commons.wikimedia.org/wiki/File:Eritrea_in_its_region.svg,CC BY-SA 3.0,
map-estonia.png,https://commons.wikimedia.org/wiki/File:Estonia_in_its_region.svg,CC BY-SA 3.0,
map-eswatini.png,https://commons.wikimedia.org/wiki/File:Swaziland_in_its_region.svg,CC BY-SA 3.0,
map-ethiopia.png,https://commons.wikimedia.org/wiki/File:Ethiopia_in_its_region.svg,CC BY-SA 3.0,
map-europe-nobox.png,https://commons.wikimedia.org/wiki/File:Europe_in_the_world_(red)_(W3).svg,CC BY-SA 3.0,grid removed
map-european_union.png,https://commons.wikimedia.org/wiki/File:European_Union_in_its_region.svg,CC BY-SA 3.0,
map-falkland_islands.png,https://commons.wikimedia.org/wiki/File:Falkland_Islands_in_its_region_(zoom).svg,CC BY-SA 3.0,
map-faroe_islands.png,https://commons.wikimedia.org/wiki/File:Faroe_Islands_in_its_region.svg,CC BY-SA 3.0,
map-federated_states_of_micronesia.png,https://commons.wikimedia.org/wiki/File:Micronesia_in_its_region.svg,CC BY-SA 3.0,
map-fiji.png,https://commons.wikimedia.org/wiki/File:Fiji_in_its_region_(special_marker).svg,CC BY-SA 3.0,
map-finland.png,https://commons.wikimedia.org/wiki/File:Finland_in_its_region.svg,CC BY-SA 3.0,
map-france.png,https://commons.wikimedia.org/wiki/File:France_in_its_region.svg,CC BY-SA 3.0,
map-french_guiana.png,https://commons.wikimedia.org/wiki/File:French_Guiana_in_its_region.svg,CC BY-SA 3.0,
map-french_polynesia.png,https://commons.wikimedia.org/wiki/File:French_Polynesia_in_its_region.svg,CC BY-SA 3.0,
map-gabon.png,https://commons.wikimedia.org/wiki/File:Gabon_in_its_region.svg,CC BY-SA 3.0,
map-georgia.png,https://commons.wikimedia.org/wiki/File:Georgia_in_its_region_(claimed_hatched).svg,CC BY-SA 3.0,
map-germany.png,https://commons.wikimedia.org/wiki/File:Germany_in_its_region.svg,CC BY-SA 3.0,
map-ghana.png,https://commons.wikimedia.org/wiki/File:Ghana_in_its_region.svg,CC BY-SA 3.0,
map-gibraltar.png,https://commons.wikimedia.org/wiki/File:Gibraltar_in_its_region_(zoom).svg,CC BY-SA 4.0,
map-greece.png,https://commons.wikimedia.org/wiki/File:Greece_in_its_region.svg,CC BY-SA 3.0,
map-greenland.png,https://commons.wikimedia.org/wiki/File:Greenland_in_the_Kingdom_of_Denmark.svg,CC BY-SA 3.0,colours adjusted
map-grenada.png,https://commons.wikimedia.org/wiki/File:Grenada_in_its_region.svg,CC BY-SA 3.0,zoom box added
map-guadeloupe.png,https://commons.wikimedia.org/wiki/File:Guadeloupe_in_its_region.svg,CC BY-SA 3.0,zoom box added
map-guam.png,https://commons.wikimedia.org/wiki/File:Guam_in_its_region.svg,CC BY-SA 3.0,
map-guatemala.png,https://commons.wikimedia.org/wiki/File:Guatemala_in_its_region.svg,CC BY-SA 3.0,
map-guernsey.png,https://commons.wikimedia.org/wiki/File:Guernsey_in_its_region_(zoom).svg,CC BY-SA 3.0,
map-guinea-bissau.png,https://commons.wikimedia.org/wiki/File:Guinea-Bissau_in_its_region.svg,CC BY-SA 3.0,
map-guinea.png,https://commons.wikimedia.org/wiki/File:Guinea_in_its_region.svg,CC BY-SA 3.0,
map-gulf_of_alaska.png,https://commons.wikimedia.org/wiki/File:Gulf_of_Alaska_in_its_region.svg,CC BY-SA 4.0,
map-gulf_of_california.png,https://commons.wikimedia.org/wiki/File:Gulf_of_California_in_its_region.svg,CC BY-SA 4.0,
map-gulf_of_carpentaria.png,https://commons.wikimedia.org/wiki/File:Gulf_of_Carpentaria_in_its_region.svg,CC BY-SA 4.0,
map-gulf_of_guinea.png,https://commons.wikimedia.org/wiki/File:Gulf_of_Guinea_in_its_region.svg,CC BY-SA 4.0,
map-gulf_of_mexico.png,https://commons.wikimedia.org/wiki/File:Gulf_of_Mexico_in_its_region.svg,CC BY-SA 4.0,
map-gulf_of_oman.png,https://commons.wikimedia.org/wiki/File:Oman_in_its_region.svg,CC BY-SA 3.0,highlight changed
map-gulf_of_thailand.png,https://commons.wikimedia.org/wiki/File:Gulf_of_Thailand_in_its_region.svg,CC BY-SA 4.0,
map-guyana.png,https://commons.wikimedia.org/wiki/File:Guyana_in_its_region.svg,CC BY-SA 3.0,
map-haiti.png,https://commons.wikimedia.org/wiki/File:Haiti_in_its_region.svg,CC BY-SA 3.0,
map-hawaii.png,https://commons.wikimedia.org/wiki/File:Hawaii_in_its_region_(special_marker).svg,CC BY-SA 3.0,zoom adjusted
map-honduras.png,https://commons.wikimedia.org/wiki/File:Honduras_in_its_region.svg,CC BY-SA 3.0,
map-hong_kong.png,https://commons.wikimedia.org/wiki/File:Hong_Kong_in_its_region_(zoom).svg,CC BY-SA 3.0,
map-hudson_bay.png,https://commons.wikimedia.org/wiki/File:Hudson_Bay_in_its_region.svg,CC BY-SA 4.0,
map-hungary.png,https://commons.wikimedia.org/wiki/File:Hungary_in_its_region.svg,CC BY-SA 3.0,
map-iceland.png,https://commons.wikimedia.org/wiki/File:Iceland_in_its_region.svg,CC BY-SA 3.0,
map-india.png,https://commons.wikimedia.org/wiki/File:India_in_its_region_(claimed_and_disputed_hatched).svg,CC BY-SA 3.0,
map-indian_ocean-nobox.png,https://commons.wikimedia.org/wiki/File:Indian_Ocean_in_the_world_(blue)_(W3)_(CWF).svg,CC BY-SA 4.0,
map-indonesia.png,https://commons.wikimedia.org/wiki/File:Indonesia_in_its_region.svg,CC BY-SA 3.0,
map-iran.png,https://commons.wikimedia.org/wiki/File:Iran_in_its_region.svg,CC BY-SA 3.0,
map-iraq.png,https://commons.wikimedia.org/wiki/File:Iraq_in_its_region.svg,CC BY-SA 3.0,
map-ireland.png,https://commons.wikimedia.org/wiki/File:Ireland_in_its_region.svg,CC BY-SA 3.0,
map-isle_of_man.png,https://commons.wikimedia.org/wiki/File:Isle_of_Man_in_its_region.svg,CC BY-SA 3.0,
map-israel.png,https://commons.wikimedia.org/wiki/File:Israel_in_its_region_(de-facto_and_Palestinian_territory_hatched).svg,CC BY-SA 3.0,
map-italy.png,https://commons.wikimedia.org/wiki/File:Italy_in_its_region.svg,CC BY-SA 3.0,
map-ivory_coast.png,https://commons.wikimedia.org/wiki/File:Cote_d_Ivoire_in_its_region.svg,CC BY-SA 3.0,
map-jamaica.png,https://commons.wikimedia.org/wiki/File:Jamaica_in_its_region.svg,CC BY-SA 3.0,
map-japan.png,https://commons.wikimedia.org/wiki/File:Japan_in_its_region_(claimed_hatched).svg,CC BY-SA 3.0,
map-java.png,https://commons.wikimedia.org/wiki/File:Java_in_its_region.svg,CC BY-SA 4.0,
map-jeju.png,https://commons.wikimedia.org/wiki/File:Jeju_Province_in_its_region_(zoom).svg,CC BY-SA 3.0,
map-jersey.png,https://commons.wikimedia.org/wiki/File:Jersey_in_its_region_(zoom).svg,CC BY-SA 3.0,
map-jordan.png,https://commons.wikimedia.org/wiki/File:Jordan_in_its_region.svg,CC BY-SA 3.0,
map-kaliningrad_oblast.png,https://commons.wikimedia.org/wiki/File:Kaliningrad_in_its_region.svg,CC BY-SA 3.0,
map-kazakhstan.png,https://commons.wikimedia.org/wiki/File:Kazakhstan_in_its_region.svg,CC BY-SA 3.0,
map-kenya.png,https://commons.wikimedia.org/wiki/File:Kenya_in_its_region_(disputed_hatched).svg,CC BY-SA 3.0,
map-kiribati.png,https://commons.wikimedia.org/wiki/File:Kiribati_in_its_region.svg,CC BY-SA 3.0,
map-kosovo.png,https://commons.wikimedia.org/wiki/File:Kosovo_in_its_region.svg,CC BY-SA 3.0,
map-kuwait.png,https://commons.wikimedia.org/wiki/File:Kuwait_in_its_region.svg,CC BY-SA 3.0,
map-kyrgyzstan.png,https://commons.wikimedia.org/wiki/File:Kyrgyzstan_in_its_region.svg,CC BY-SA 3.0,
map-labrador_sea.png,https://commons.wikimedia.org/wiki/File:Labrador_Sea_in_its_region.svg,CC BY-SA 4.0,
map-laos.png,https://commons.wikimedia.org/wiki/File:Laos_in_its_region.svg,CC BY-SA 3.0,
map-latvia.png,https://commons.wikimedia.org/wiki/File:Latvia_in_its_region.svg,CC BY-SA 3.0,
map-lebanon.png,https://commons.wikimedia.org/wiki/File:Lebanon_in_its_region.svg,CC BY-SA 3.0,
map-lesotho.png,https://commons.wikimedia.org/wiki/File:Lesotho_in_its_region.svg,CC BY-SA 3.0,
map-liberia.png,https://commons.wikimedia.org/wiki/File:Liberia_in_its_region.svg,CC BY-SA 3.0,
map-libya.png,https://commons.wikimedia.org/wiki/File:Libya_in_its_region.svg,CC BY-SA 3.0,
map-liechtenstein.png,https://commons.wikimedia.org/wiki/File:Liechtenstein_in_its_region.svg,CC BY-SA 3.0,
map-lithuania.png,https://commons.wikimedia.org/wiki/File:Lithuania_in_its_region.svg,CC BY-SA 3.0,
map-luxembourg.png,https://commons.wikimedia.org/wiki/File:Luxembourg_in_its_region.svg,CC BY-SA 3.0,
map-macau.png,https://commons.wikimedia.org/wiki/File:Macau_in_its_region_(zoom).svg,CC BY-SA 3.0,
map-madagascar.png,https://commons.wikimedia.org/wiki/File:Madagascar_in_its_region.svg,CC BY-SA 3.0,
map-madeira.png,https://commons.wikimedia.org/wiki/File:Madeira_in_its_region.svg,CC BY-SA 3.0,
map-malawi.png,https://commons.wikimedia.org/wiki/File:Malawi_in_its_region.svg,CC BY-SA 3.0,
map-malaysia.png,https://commons.wikimedia.org/wiki/File:Malaysia_in_its_region.svg,CC BY-SA 3.0,
map-maldives.png,https://commons.wikimedia.org/wiki/File:Maldives_in_its_region_(small_islands_magnified).svg,CC BY-SA 3.0,
map-mali.png,https://commons.wikimedia.org/wiki/File:Mali_in_its_region.svg,CC BY-SA 3.0,
map-malta.png,https://commons.wikimedia.org/wiki/File:Malta_in_its_region_(special_marker).svg,CC BY-SA 3.0,
map-marshall_islands.png,https://commons.wikimedia.org/wiki/File:Marshall_Islands_in_its_region.svg,CC BY-SA 3.0,
map-martinique.png,https://commons.wikimedia.org/wiki/File:Martinique_in_its_region.svg,CC BY-SA 3.0,zoom box added
map-mauritania.png,https://commons.wikimedia.org/wiki/File:Mauritania_in_its_region.svg,CC BY-SA 3.0,
map-mauritius.png,https://commons.wikimedia.org/wiki/File:Mauritius_in_its_region.svg,CC BY-SA 3.0,
map-mayotte.png,https://commons.wikimedia.org/wiki/File:Mayotte_in_its_region_(zoom).svg,CC BY-SA 3.0,
map-mediterranean_sea.png,https://commons.wikimedia.org/wiki/File:Mediterranean_Sea_in_its_region.svg,CC BY-SA 4.0,
map-melanesia.png,https://commons.wikimedia.org/wiki/File:Oceania_UN_Geoscheme_Regions_with_no_text.svg,CC BY 3.0,colours adjusted
map-mexico.png,https://commons.wikimedia.org/wiki/File:Mexico_in_its_region.svg,CC BY-SA 3.0,
map-micronesia.png,https://commons.wikimedia.org/wiki/File:Oceania_UN_Geoscheme_Regions_with_no_text.svg,CC BY 3.0,"colours adjusted, margin added"
map-moldova.png,https://commons.wikimedia.org/wiki/File:Moldova_in_its_region_(claimed_hatched).svg,CC BY-SA 3.0,
map-monaco.png,https://commons.wikimedia.org/wiki/File:Monaco_in_its_region.svg,CC BY-SA 3.0,
map-mongolia.png,https://commons.wikimedia.org/wiki/File:Mongolia_in_its_region.svg,CC BY-SA 3.0,
map-montenegro.png,https://commons.wikimedia.org/wiki/File:Montenegro_in_its_region.svg,CC BY-SA 3.0,
map-morocco.png,https://commons.wikimedia.org/wiki/File:Morocco_in_its_region_(de-facto_and_disputed_hatched).svg,CC BY-SA 3.0,
map-mozambique.png,https://commons.wikimedia.org/wiki/File:Mozambique_in_its_region.svg,CC BY-SA 3.0,
map-myanmar.png,https://commons.wikimedia.org/wiki/File:Myanmar_in_its_region.svg,CC BY-SA 3.0,
map-namibia.png,https://commons.wikimedia.org/wiki/File:Namibia_in_its_region.svg,CC BY-SA 3.0,
map-nauru.png,https://commons.wikimedia.org/wiki/File:Nauru_in_its_region.svg,CC BY-SA 3.0,
map-nepal.png,https://commons.wikimedia.org/wiki/File:Nepal_in_its_region.svg,CC BY-SA 3.0,
map-netherlands.png,https://commons.wikimedia.org/wiki/File:Netherlands_in_its_region.svg,CC BY-SA 3.0,
map-new_caledonia.png,https://commons.wikimedia.org/wiki/File:New_Caledonia_in_its_region_(special_marker).svg,CC BY-SA 3.0,
map-new_zealand.png,https://commons.wikimedia.org/wiki/File:New_Zealand_in_its_region.svg,CC BY-SA 3.0,
map-nicaragua.png,https://commons.wikimedia.org/wiki/File:Nicaragua_in_its_region.svg,CC BY-SA 3.0,
map-niger.png,https://commons.wikimedia.org/wiki/File:Niger_in_its_region.svg,CC BY-SA 3.0,
map-nigeria.png,https://commons.wikimedia.org/wiki/File:Nigeria_in_its_region.svg,CC BY-SA 3.0,
map-niue.png,https://commons.wikimedia.org/wiki/File:Niue_in_its_region.svg,CC BY-SA 3.0,
map-north_america-nobox.png,https://commons.wikimedia.org/wiki/File:North_America_in_the_world_(red)_(W3).svg,CC BY-SA 3.0,grid removed
map-north_korea.png,https://commons.wikimedia.org/wiki/File:North_Korea_in_its_region.svg,CC BY-SA 3.0,
map-north_macedonia.png,https://commons.wikimedia.org/wiki/File:Macedonia_in_its_region.svg,CC BY-SA 3.0,
map-north_sea.png,https://commons.wikimedia.org/wiki/File:North_Sea_in_its_region.svg,CC BY-SA 4.0,
map-northern_cyprus.png,https://commons.wikimedia.org/wiki/File:Northern_Cyprus_in_its_region_(de-facto).svg,CC BY-SA 3.0,
map-northern_ireland.png,https://commons.wikimedia.org/wiki/File:Northern_Ireland_in_Europe.svg,CC BY-SA 4.0,
map-northern_mariana_islands.png,https://commons.wikimedia.org/wiki/File:Northern_Mariana_Islands_in_its_region.svg,CC BY-SA 3.0,
map-norway.png,https://commons.wikimedia.org/wiki/File:Norway_in_its_region.svg,CC BY-SA 3.0,
map-norwegian_sea.png,https://commons.wikimedia.org/wiki/File:Norwegian_Sea_in_its_region_(IHO_1953).svg,CC BY-SA 4.0,
map-oceania-nobox.png,https://commons.wikimedia.org/wiki/File:Oceania_in_the_world_(red)_(W3).svg,CC BY-SA 3.0,grid removed
map-oman.png,https://commons.wikimedia.org/wiki/File:Oman_in_its_region.svg,CC BY-SA 3.0,
map-pacific_ocean-nobox.png,https://commons.wikimedia.org/wiki/File:Pacific_Ocean_in_the_world_(blue)_(W3_Pacific)_(CWF).svg,CC BY-SA 4.0,
map-pakistan.png,https://commons.wikimedia.org/wiki/File:Pakistan_in_its_region_(claimed_and_disputed_hatched).svg,CC BY-SA 3.0,
map-palau.png,https://commons.wikimedia.org/wiki/File:Palau_in_its_region.svg,CC BY-SA 3.0,
map-palestine.png,https://commons.wikimedia.org/wiki/File:Palestine_in_its_region.svg,CC BY-SA 3.0,
map-panama.png,https://commons.wikimedia.org/wiki/File:Panama_in_its_region.svg,CC BY-SA 3.0,
map-papua_new_guinea.png,https://commons.wikimedia.org/wiki/File:Papua_New_Guinea_in_its_region.svg,CC BY-SA 3.0,
map-paraguay.png,https://commons.wikimedia.org/wiki/File:Paraguay_in_its_region.svg,CC BY-SA 3.0,
map-persian_gulf.png,https://commons.wikimedia.org/wiki/File:Persian_Gulf_in_its_region_(IHO_1953).svg,CC BY-SA 4.0,
map-peru.png,https://commons.wikimedia.org/wiki/File:Peru_in_its_region.svg,CC BY-SA 3.0,
map-philippine_sea.png,https://commons.wikimedia.org/wiki/File:Philippine_Sea_in_its_region.svg,CC BY-SA 4.0,
map-philippines.png,https://commons.wikimedia.org/wiki/File:Philippines_in_its_region.svg,CC BY-SA 3.0,
map-poland.png,https://commons.wikimedia.org/wiki/File:Poland_in_its_region.svg,CC BY-SA 3.0,
map-polynesia.png,https://commons.wikimedia.org/wiki/File:Oceania_UN_Geoscheme_Regions_with_no_text.svg,CC BY 3.0,"colours adjusted, margin added"
map-portugal.png,https://commons.wikimedia.org/wiki/File:Portugal_in_its_region_(mainland).svg,CC BY-SA 3.0,
map-puerto_rico.png,https://commons.wikimedia.org/wiki/File:Puerto_Rico_in_its_region.svg,CC BY-SA 3.0,
map-qatar.png,https://commons.wikimedia.org/wiki/File:Qatar_in_its_region.svg,CC BY-SA 3.0,
map-red_sea.png,https://commons.wikimedia.org/wiki/File:Red_Sea_in_its_region.svg,CC BY-SA 4.0,
map-republic_of_the_congo.png,https://commons.wikimedia.org/wiki/File:Republic_of_the_Congo_in_its_region.svg,CC BY-SA 3.0,
map-reunion.png,https://commons.wikimedia.org/wiki/File:Reunion_in_its_region.svg,CC BY-SA 3.0,
map-romania.png,https://commons.wikimedia.org/wiki/File:Romania_in_its_region.svg,CC BY-SA 3.0,
map-russia.png,https://commons.wikimedia.org/wiki/File:Russia_in_its_region_(%2Bclaims_hatched).svg,CC BY-SA 3.0,
map-rwanda.png,https://commons.wikimedia.org/wiki/File:Rwanda_in_its_region.svg,CC BY-SA 3.0,
map-sahrawi_arab_democratic_republic.png,https://commons.wikimedia.org/wiki/File:Sahrawi_Arab_Democratic_Republic_in_its_region_(claimed_hatched).svg,CC BY-SA 3.0,
map-saint_kitts_and_nevis.png,https://commons.wikimedia.org/wiki/File:Saint_Kitts_and_Nevis_in_its_region_(zoomed).svg,CC BY-SA 3.0,colours adjusted for consistency
map-saint_lucia.png,https://commons.wikimedia.org/wiki/File:Saint_Lucia_in_its_region.svg,CC BY-SA 3.0,zoom box added
map-saint_martin.png,https://commons.wikimedia.org/wiki/File:Saint_Martin_in_its_region_(zoom).svg,CC BY-SA 3.0,"colours adjusted for consistency, zoom box moved"
map-saint_vincent_and_the_grenadines.png,https://commons.wikimedia.org/wiki/File:Saint_Vincent_and_the_Grenadines_in_its_region.svg,CC BY-SA 3.0,zoom box added
map-samoa.png,https://commons.wikimedia.org/wiki/File:Samoa_in_its_region.svg,CC BY-SA 3.0,
map-san_marino.png,https://commons.wikimedia.org/wiki/File:San_Marino_in_its_region.svg,CC BY-SA 3.0,
map-sao_tome_and_principe.png,https://commons.wikimedia.org/wiki/File:Sao_Tome_and_Principe_in_its_region.svg,CC BY-SA 3.0,
map-sardinia.png,https://commons.wikimedia.org/wiki/File:Sardinia_in_its_region.svg,CC BY-SA 3.0,
map-saudi_arabia.png,https://commons.wikimedia.org/wiki/File:Saudi_Arabia_in_its_region.svg,CC BY-SA 3.0,
map-scandinavia.png,https://commons.wikimedia.org/wiki/File:Scandinavia_in_its_region.svg,CC BY-SA 3.0,
map-scotland.png,https://commons.wikimedia.org/wiki/File:Scotland_in_Europe.svg,CC BY-SA 4.0,
map-sea_of_galilee.png,https://commons.wikimedia.org/wiki/File:Sea_of_Galilee_in_its_region_(-mini_map_-rivers)_(zoom_%2B_special_marker).svg,CC BY-SA 3.0,
map-sea_of_japan.png,https://commons.wikimedia.org/wiki/File:Sea_of_Japan_in_its_region.svg,CC BY-SA 4.0,
map-sea_of_okhotsk.png,https://commons.wikimedia.org/wiki/File:Sea_of_Okhotsk_in_its_region.svg,CC BY-SA 4.0,
map-senegal.png,https://commons.wikimedia.org/wiki/File:Senegal_in_its_region.svg,CC BY-SA 3.0,
map-serbia.png,https://commons.wikimedia.org/wiki/File:Serbia_in_its_region_(claimed_hatched).svg,CC BY-SA 3.0,
map-seychelles.png,https://commons.wikimedia.org/wiki/File:Seychelles_in_its_region_(small_islands_magnified).svg,CC BY-SA 3.0,
map-sicily.png,https://commons.wikimedia.org/wiki/File:Sicily_in_its_region.svg,CC BY-SA 3.0,
map-sierra_leone.png,https://commons.wikimedia.org/wiki/File:Sierra_Leone_in_its_region.svg,CC BY-SA 3.0,
map-singapore.png,https://commons.wikimedia.org/wiki/File:Singapore_in_its_region_(special_marker).svg,CC BY-SA 3.0,
map-sint_maarten.png,https://commons.wikimedia.org/wiki/File:Sint_Maarten_in_its_region_(zoom).svg,CC BY-SA 3.0,"colours adjusted for consistency, zoom box moved"
map-slovakia.png,https://commons.wikimedia.org/wiki/File:Slovakia_in_its_region.svg,CC BY-SA 3.0,
map-slovenia.png,https://commons.wikimedia.org/wiki/File:Slovenia_in_its_region.svg,CC BY-SA 3.0,
map-solomon_islands.png,https://commons.wikimedia.org/wiki/File:Solomon_Islands_in_its_region_(special_marker).svg,CC BY-SA 3.0,
map-somalia.png,https://commons.wikimedia.org/wiki/File:Somalia_in_its_region_(claimed_hatched).svg,CC BY-SA 3.0,
map-somaliland.png,https://commons.wikimedia.org/wiki/File:Somaliland_in_its_region_(de-facto).svg,CC BY-SA 3.0,
map-south_africa.png,https://commons.wikimedia.org/wiki/File:South_Africa_in_its_region.svg,CC BY-SA 3.0,
map-south_america-nobox.png,https://commons.wikimedia.org/wiki/File:South_America_in_the_world_(red)_(W3).svg,CC BY-SA 3.0,grid removed
map-south_china_sea.png,https://commons.wikimedia.org/wiki/File:South_China_Sea_in_its_region_(IHO_1953).svg,CC BY-SA 4.0,
map-south_korea.png,https://commons.wikimedia.org/wiki/File:South_Korea_in_its_region.svg,CC BY-SA 3.0,
map-south_ossetia.png,https://commons.wikimedia.org/wiki/File:South_Ossetia_in_its_region.svg,CC BY-SA 3.0,
map-south_sudan.png,https://commons.wikimedia.org/wiki/File:South_Sudan_in_its_region_(claimed_hatched).svg,CC BY-SA 3.0,
map-southern_ocean-nobox.png,https://commons.wikimedia.org/wiki/File:Southern_Ocean_in_the_world_(blue)_(W3)_(CWF).svg,CC BY-SA 4.0,
map-spain.png,https://commons.wikimedia.org/wiki/File:Spain_in_its_region_(mainland).svg,CC BY-SA 3.0,
map-sri_lanka.png,https://commons.wikimedia.org/wiki/File:Sri_Lanka_in_its_region.svg,CC BY-SA 3.0,
map-strait_of_gibraltar.png,https://commons.wikimedia.org/wiki/File:Gibraltar_in_its_region_(zoom).svg,CC BY-SA 4.0,highlight changed
map-strait_of_hormuz,https://commons.wikimedia.org/wiki/File:Iran_in_its_region.svg,CC BY-SA 3.0,highlight changed
map-strait_of_malacca,https://commons.wikimedia.org/wiki/File:Sumatra_in_its_region.svg,CC BY-SA 4.0,highlight changed
map-sudan.png,https://commons.wikimedia.org/wiki/File:Sudan_in_its_region_(claimed_hatched).svg,CC BY-SA 3.0,
map-sumatra.png,https://commons.wikimedia.org/wiki/File:Sumatra_in_its_region.svg,CC BY-SA 4.0,
map-suriname.png,https://commons.wikimedia.org/wiki/File:Suriname_in_its_region.svg,CC BY-SA 3.0,
map-svalbard.png,https://commons.wikimedia.org/wiki/File:Svalbard_in_its_region.svg,CC BY-SA 3.0,zoom adjusted
map-sweden.png,https://commons.wikimedia.org/wiki/File:Sweden_in_its_region.svg,CC BY-SA 3.0,
map-switzerland.png,https://commons.wikimedia.org/wiki/File:Switzerland_in_its_region.svg,CC BY-SA 3.0,
map-syria.png,https://commons.wikimedia.org/wiki/File:Syria_in_its_region_(claimed_hatched).svg,CC BY-SA 3.0,
map-taiwan.png,https://commons.wikimedia.org/wiki/File:Taiwan_in_its_region.svg,CC BY-SA 3.0,
map-tajikistan.png,https://commons.wikimedia.org/wiki/File:Tajikistan_in_its_region.svg,CC BY-SA 3.0,
map-tanzania.png,https://commons.wikimedia.org/wiki/File:Tanzania_in_its_region.svg,CC BY-SA 3.0,
map-tasman_sea.png,https://commons.wikimedia.org/wiki/File:Tasman_Sea_in_its_region_(IHO_1953).svg,CC BY-SA 4.0,
map-thailand.png,https://commons.wikimedia.org/wiki/File:Thailand_in_its_region.svg,CC BY-SA 3.0,
map-the_bahamas.png,https://commons.wikimedia.org/wiki/File:Bahamas_in_its_region_(special_marker).svg,CC BY-SA 3.0,
map-the_gambia.png,https://commons.wikimedia.org/wiki/File:Gambia_in_its_region.svg,CC BY-SA 3.0,
map-timor-leste.png,https://commons.wikimedia.org/wiki/File:East_Timor_in_its_region.svg,CC BY-SA 3.0,
map-timor_sea.png,https://commons.wikimedia.org/wiki/File:Timor_Sea_in_its_region.svg,CC BY-SA 4.0,
map-togo.png,https://commons.wikimedia.org/wiki/File:Togo_in_its_region.svg,CC BY-SA 3.0,
map-tonga.png,https://commons.wikimedia.org/wiki/File:Tonga_in_its_region.svg,CC BY-SA 3.0,
map-transnistria.png,https://commons.wikimedia.org/wiki/File:Transnistria_in_its_region_(special_marker).svg,CC BY-SA 3.0,
map-trinidad_and_tobago.png,https://commons.wikimedia.org/wiki/File:Trinidad_and_Tobago_in_its_region_(zoom).svg,CC BY-SA 3.0,"colours adjusted for consistency, zoom box moved"
map-tunisia.png,https://commons.wikimedia.org/wiki/File:Tunisia_in_its_region.svg,CC BY-SA 3.0,
map-turkey.png,https://commons.wikimedia.org/wiki/File:Turkey_in_its_region.svg,CC BY-SA 3.0,
map-turkmenistan.png,https://commons.wikimedia.org/wiki/File:Turkmenistan_in_its_region.svg,CC BY-SA 3.0,
map-turks_and_caicos_islands.png,https://commons.wikimedia.org/wiki/File:Turks_and_Caicos_Islands_in_its_region.svg,CC BY-SA 3.0,
map-tuvalu.png,https://commons.wikimedia.org/wiki/File:Tuvalu_in_its_region.svg,CC BY-SA 3.0,
map-uganda.png,https://commons.wikimedia.org/wiki/File:Uganda_in_its_region.svg,CC BY-SA 3.0,
map-ukraine.png,https://commons.wikimedia.org/wiki/File:Ukraine_(claims_hatched)_in_its_region.svg,CC BY-SA 3.0,meridians and circles of latitude removed
map-united_arab_emirates.png,https://commons.wikimedia.org/wiki/File:United_Arab_Emirates_in_its_region.svg,CC BY-SA 3.0,
map-united_kingdom.png,https://commons.wikimedia.org/wiki/File:United_Kingdom_in_its_region.svg,CC BY-SA 3.0,
map-united_states_of_america.png,https://commons.wikimedia.org/wiki/File:United_States_in_its_region.svg,CC BY-SA 3.0,
map-united_states_virgin_islands.png,https://commons.wikimedia.org/wiki/File:United_States_Virgin_Islands_in_its_region_(zoom).svg,CC BY-SA 3.0,"colours adjusted for consistency, zoom box moved"
map-uruguay.png,https://commons.wikimedia.org/wiki/File:Uruguay_in_its_region.svg,CC BY-SA 3.0,
map-uzbekistan.png,https://commons.wikimedia.org/wiki/File:Uzbekistan_in_its_region.svg,CC BY-SA 3.0,
map-vanuatu.png,https://commons.wikimedia.org/wiki/File:Vanuatu_in_its_region.svg,CC BY-SA 3.0,
map-vatican_city.png,https://commons.wikimedia.org/wiki/File:Vatican_in_its_region.svg,CC BY-SA 3.0,
map-venezuela.png,https://commons.wikimedia.org/wiki/File:Venezuela_in_its_region.svg,CC BY-SA 3.0,
map-vietnam.png,https://commons.wikimedia.org/wiki/File:Vietnam_in_its_region.svg,CC BY-SA 3.0,
map-wales.png,https://commons.wikimedia.org/wiki/File:Wales_in_Europe.svg,CC BY-SA 4.0,
map-wallis_and_futuna.png,https://commons.wikimedia.org/wiki/File:Wallis_and_Futuna_in_its_region.svg,CC BY-SA 3.0,
map-white_sea.png,https://commons.wikimedia.org/wiki/File:White_Sea_in_its_region.svg,CC BY-SA 4.0,
map-yellow_sea.png,https://commons.wikimedia.org/wiki/File:Yellow_Sea_in_its_region.svg,CC BY-SA 4.0,
map-yemen.png,https://commons.wikimedia.org/wiki/File:Yemen_in_its_region.svg,CC BY-SA 3.0,
map-zambia.png,https://commons.wikimedia.org/wiki/File:Zambia_in_its_region.svg,CC BY-SA 3.0,
map-zanzibar.png,https://commons.wikimedia.org/wiki/File:Zanzibar_in_its_region_(special_marker).svg,CC BY-SA 3.0,
map-zimbabwe.png,https://commons.wikimedia.org/wiki/File:Zimbabwe_in_its_region.svg,CC BY-SA 3.0,
